video,timecode
8pBIh57KS2I,1:22
fyPEV3NJxbY,1:28
oPJpbyojiL0,0:17
c8FtknPdV-Q,07:18 10:10
qOW2eEz9cYk,1:20
xOrRzLUGyJI,0:29
sFGAusUUP14,0:23
mjdvuGsI1gM,12:20
ByHrWGXSNsI,1:40
JppFzPqSvX4,0:15
myMPdoP4Ms0,0:46
GS_rvl69As8,0:52
brGhO6ZfBjo,0:36
C1VLzD6UeKc,17:35
wWCYUyFiOFs,4:38
u6XAPnuFjJc,6:03
7tTRVDkEXVE,5:20
kLtlVxBnpf8,17:48
WAc48jMHyoY,10:03
D6Zlo-jzk_Q,9:00
A4cPKPhkxi0,6:02
ZbrTC6ITbA4,0:33
y2obNe2HoFU,12:12
7XSnXb7dBYg,03:37
uiWxAY3_FmU,20:37
GI6CfKcMhjY,2:22
uTAAlzABzBA,8:35
cD9WYm1uoBc,16:51
HBAboIBJN8k,13:24 13:36
ZbeoRK9r07Y,3:48
AAPY9SIzBmk,1:26
8fxK48Cey0Y,2:05-2:33
bL7hQqyqZhM,11:43
O6X9YTLof_I,6:59
HA6pJ7oUH3U,0:06
ud4YnLT1vWk,0:03
6v21ZCUST0k,0:43
x-W44YcsXMs,11:15
2XOxXXTRDyA,22:33
V6yRrquBUiY,3:10
oVZSAfCJsys,16:45
H5a1js8FzsA,0:25
c7wfWihWv08,0:58 1:03
YjP3fT9xn3Y,13:37
qF37naF3FLI,12:49
oVFxHX6RWzc,1:25
esJHzs8glZo,34:10
j81g34-bvNI,2:25
vWCrbW533xk,3:17
2XLzyoco9Ts,3:25
CojQ9fOT8ys,4:09
53bAndZgmpY,3:32
53WfGgiFbEs,13:37
UKq2Or6-R5Y,0:24
pNQCaAykNJU,7:37
ndJ_cKvQJjw,0:35
3PUWOeHb-eg,7:15
MRx7Ofet30s,8:40
4HQ10INKJBw,17:57
CodOK027CvA,1:44
1fJhauF_0ZE,1:23
vWRd3Bn3OF0,16:10 16:9
fkBvcl_FZbY,00:01
BwX-_ft5Ieg,2:26
hUhMmQTyNSc,46:34
st1DAdsCn2w,04:45
tmPMI85HHgU,3:22
IxXVVOdax2E,0:04
pNM_TY_rRYQ,0:01
OB1_1k7PV9E,4:08
Khte62YSzS0,4:40
JpVIdfNaWAE,7:06
qFR4zejL-N4,10:31
q9uA_dBtYCk,6:10
vWNXJ2vnW0Y,5:10
9YFFrkyATww,10:55
hUXFQ_XR_fg,2:08
wOFFiwhuE4o,8:13
fkbzHT_wKrk,2:37
jEknqjgU5iU,4:27
c7_1ONvZzJc,4:12
xGcE0Uik3qE,13:27
mlAZ0qnmMLY,0:32
EYluzWCPNrc,2:53
VDBkcOv_tOQ,4:04
wOX0cLe5pqQ,0:26
cDqLPrvowLI,12:15
DghD5UWJyGw,11:58
NJ6bzWaEYmg,0:47
VDEgDvjDxNw,1:43
Wy8rDnfC__A,5:50
zukADC2yDSA,05:25
mk7Kyz60jlk,4:07
qFUjOACCevw,31:40
LZzADxVZP50,0:01
Dgwt6hfPecM,0:17
tl7i3DSl7Os,6:31
esVCbr8CLes,1:16
j8uv7J03MkE,16:42 17:02 31:32 31:46
BwVVdKnDbX8,4:55
QqSFJXnQo6I,8:05
6vmLyWez1ig,2:49
IxZznYDadqY,29:00
x-aAvRn5OKM,1:24
gcPmHxAwHS0,2:08
fkPfjM48aNo,0:30
zusq5iNaESg,0:49
ZbplcY3l3mk,27:20
jEf32FiIiQE,6:28
KhZOqNgFROQ,28:00
YjaWNqgNVaY,0:07 0:37
OBx7f9DS4o8,8:00
ndLTFSl6Kvk,00:51
ud4YoQGQuE4,5:30
qFrrR2me-Dk,08:29
ZbPc3HkvEhs,32:49
IxXUxGa910I,14:27 00:00
WzB_cI254SM,0:44
IxXDBDRfIA4,10:18
8fn5OoicQk8,2:08
4Hdm9zb7FXs,14:25
KhpfHYKY67g,4:21
d0E9yicEvEo,6:40
SaYOlqnuTD0,6:00
oVkL3PunQoY,4:51
iMXCe1zFYGE,5:38
EYuOyQjqp_Y,6:30
PyM-yrsD9Sw,3:49
ZbqJT6tDxZE,2:16
LZbc9lmMzeQ,0:35
stwbZrrHRxs,0:51
HBcfuItm71Y,1:37
KhkWXmIp0AE,1:27
JpekiGNjtzM,2:52
7npNk3EGKBQ,43:55
UKk-PteKvbE,20:25
0mu9cELcR-k,11:11
3PN6MGzmvJk,0:50
YjGRIy2pORI,1:05
_IFu5GGbatM,2:28
2W9su6Wy7R4,0:39
x-eZ6H0aGdQ,14:46 15:10
tmG8T4XpC8M,2:15
aTiM_So7a08,10:25
hUZOsn1FmFQ,1:25
6vo4j4gRMXE,3:42
Wy_Qhin8xXQ,06:08
jEsgC-ttCa4,5:30
53TKwAvDVDI,00:56
vWBappq7Law,3:21
EYmRWCF5dMA,8:21
gcQv3odgHIM,10:00
j9IUQUy52ws,4:01
OB0VLxpVabQ,6:04 6:06
H5ElSIgmCiY,1:30
iMgZE44YqeA,0:52
UK5piYxJTbo,4:25
NJuIh5Inopk,6:05
aThi8g1GvuY,0:20 0:29
q9ajk3b1BNk,2:49
mlPkKtCaXyw,22:05
0mnu2VThajI,5:30
NJ1ZcuY4Q4o,10:20
UKpXr6qxwbM,1:00 0:00
V60How5hl3Q,0:46
pNM-w1Xlh-I,2:07
oVD3mSS-kdQ,9:20
ndW3rvZExB0,0:49
1fAYJ9icc1M,0:56
MSIeZMVojKM,1:40
Yj7zejkcZl4,0:00
MRrqekJey2c,5:41
vWb4vCWcYzc,9:51
xGYNoLtK19o,2:33
Kh7AjIEsa9o,1:48
OCHfniOYl4g,07:15
3PZz9CLJyFE,6:40
k1NK8Iq0EXY,0:30
NKcP56z1Qxg,2:18
4Hy5WdEStg8,7:22
Qqvf7x7hbv8,0:01
2XjnjNvyUZ0,3:18
cEN-x1KEjc0,0:30
LaB7dFOE3lQ,5:00
4_p0W2ASMV8,13:25
V7KYSNjoDE4,0:16
3Ptxcy_dWmk,6:58
QqsaR78v3Rg,0:25
hU2n9CXQ2TI,0:07
JpxpW8ezwp8,18:20
Jp-5vFrqywU,1:01 1:09
cEPmxU1YiPk,09:11
bMKyoy3e1Fw,5:37
oVrMtpN6-4s,1:30
ULB4hKCjy7s,1:30
oVx_pbdhja0,3:00
fkkmddhymEM,00:40
9YVvcKkQ1fM,3:17
ltO-5EC7pqs,10:32
oVuHpeDtbzw,1:16
k1ERGrarC5s,2:18
r2IWmoJwBq8,6:35
FRfbqK-ZpqI,0:38
XrlM1nfN6RE,10:15
Qquu5F_BHjU,1:53
FRlBfQEU9q8,5:11
Co6pvYTr_uQ,2:23
1fVu44LONTQ,1:10
wOl9b80CR-E,1:11
wOplmEKENlc,19:51
TTBFFQohs5Q,3:28
EY39fkmqKBM,2:12
cEUoNAg25Fg,2:07
1e-RqyjCh4g,29:35
0nptr652xxM,1:30 1:42
Bwe3kJi7B3I,34:00
6v9B3i1boek,3:13
hU6U0jwQXPk,0:24
A4skymeWviQ,2:54
y2pwN-IkKxU,11:13
Jp9B2JkFPMo,2:08
Ri3GxEuCWE4,56:00
esHsFvGdPgY,0:00
IxPRkYDyNZo,0:15
gcWl_ZFfvaQ,0:01
YjVKYzy4ek8,1:16
jE6uTKZSJcY,0:45
Sat_ljPSi6Q,16:50
QqTJv_VSwZ0,9:27 9:30
ul-pLYo5MJ8,0:07
UPKb9z4l7eM,0:12
iy1dXPuI_gE,0:16
6kclIpWY0mI,0:04
1IZR0VpLCeE,1:20
ysIRDjJYZ4k,2:16 3:48
gCa1ut77I84,0:08
u7id8-JTzac,1:34
7kM3UQXs2vQ,3:04
fthGsjrj9KI,0:24
ShRmxaPanmk,9:40 10:10
Ehyro_P4GFw,4:34
idIlshLotqM,00:31
xcyXaGjs3NM,2:06
j3LNHedM84k,1:35
bgoDkwwpFx0,00:15
AReW9axR5ME,7:20 8:08
b6s3rKTvV5c,1:58
X0m4yI5aHZo,0:03
vcZbvLY0hFA,7:40
izXNw-fVv_o,2:37
fCrhDamN82k,0:34
ndVVrZqHqA8,23:04
K37ZDPGcqkk,14:30
ndcd2V3vkv8,25:23
wOPew2CfXKk,0:10
H5cZygzevNM,4:39
eOAIP9tNN9Y,0:12
ndGEALSuSP0,21:05
JppdpxbC75A,6:14
VDImOn5lFFk,12:45
j81_4sMOpoc,10:30
x0I8F6SgKDc,1:18 1:29
9BcQrCG2HTA,0:52
Gbt799xIRJk,00:13
BzlJ_xDzmdg,1:36 1:50
HAxRhVnYOOU,0:00
yNI0AK52GcA,0:40 0:41
xmhyFag6_7I,0:39 0:40
xLeUAjS-tdM,0:17
HfVQO7K4wXc,0:06
Gs2988d1BNM,4:30
a7UFm6ErMPU,0:00 3:52
ey6Do7QVdog,01:00 1:08
nlvYKl1fjBI,0:32 0:36
AEUULIs_UWE,1:50
mneDbYYHfGM,16:31
VD3OnasEFpc,0:45
l3uiyYMvecM,5:00
MvUku7zAXVE,4:01
LKy7WQgE6kU,00:18
EFw9h-L4Az8,0:42
x0wm3JD9MEk,1:49
Cj6ho1-G6tw,1:43
jWGABRmGiUg,1:24
trEIINGcOg8,5:22
DS9NE3-jJ1Y,7:20
Qqj-X4ztUV4,12:42
qFjP-OJ7Bh4,2:04
9YbSd2YrTEo,0:00
WG-k_40gnB4,0:01
U_Q2cXLhHhU,0:11
Vr8Ib6OWv-E,0:50
BU_gUWnTI9k,0:54 0:58
LRA9iz0Dyfc,1:40
WR1EQoX0PgM,0:22
ETG6cs0awp0,1:27
k9BReY7mBUo,0:06
g88sc4wY4ow,2:24
f-lAyP-eN4k,1:01 1:32
BLQnHL5yOYU,3:49
Mgd0Hsgl8gU,2:25
UAO6THq0l50,1:58
BbrI3F7p6-o,2:13
XrN1MLdyMM0,2:33
blq8jfSodF4,2:27 3:25
cp3646Zf8rg,1:09
e8gv4wXmP_w,3:08
r111yx2XvkA,1:05
_T6qV6dop0o,3:57
YFlNxWSv5r4,0:21
vyJmCzyblwY,0:16
xAF6QJxWLjE,4:18
mjpgIPhXb1g,7:51
CeLrlmV9A-s,0:33
rm8XbVuzGvo,02:13
FOaGhE_sejI,0:13
HB0VmNc7e58,0:00
Ldn2-yrVdWY,40:20
cg9zPvYWI9Q,22:10
8FpigqfcvlM,5:22
vQJMGm06Mzg,29:50
zEs2LEOMKHo,00:50
WOoUVeyaY_8,4:59
iEDnzk_XAfM,9:15
W5oCfyjMEQ8,7:00
G2clZL-9AIM,00:08
kZPU1XlgbD4,1:39
Xaq11N2BMZE,0:30
Zw9H8572GEQ,8:17
exi05W1LWek,9:16 9:16
Xj446LPEy7E,1:40
HfYqtRscfOI,2:20
5w32AxBn5S8,3:19
oHwyTxxQHmQ,1:40
oPXImXAMStc,1:36
7K3N1Ug8VmM,2:53
bNt-vUkFO1w,16:25-17:07
d62qM2_Tkso,1:33
YjpxqZirqaY,11:28
OB-LwM3eaKk,0:33
0m1j_h1uDvw,1:25
esYgu8fUZMo,10:06
BX1X44xvZus,2:11
BAtelRZCFWc,0:00
XrUB7MIwuJ4,0:16
PyGDst4AdPg,4:43
c7OExtcaU9U,1:10
FRIaKMdO-Vw,0:08
_RBPNXWgsAc,7:07
xUT_Zl0EpdM,2:43
Y68hxwCO0pM,2:26
C05pGnZQQtE,2:05 2:13
7rBXsUibx-4,1:05
ZW6gSMXXtPY,1:15
mvTCr5Z-0lA,1:20
a44CwP2gRsY,11:10
5yS29uJN06c,5:19
d8fZmZuxmVw,12:27
0Nqq9oeBWbY,5:23
M3d24YL6-cE,5:00
Bmqc8o-M1wk,1:28
E_sIiQdHOrA,2:00
8S0rSE-HagQ,20:30
1qv3-2eax10,0:51
vvFgRcgQ0d4,1:22
Dn7KdxIdV44,41:51-41:54
S7BYF8UdNuc,9:29
wUEFVa8JsaM,1:32
hLwTMSh1iFY,7:00
y7bNgPxm0Vs,8:07
lt8WAiaie_8,7:40 7:44
dBBGoDQjOs4,4:54
HBVRcm_3d0Q,10:37
k-LoFJrez1A,2:14
6X96xI1gLdQ,1:21
qJ6Dte-AoMw,12:23
eKKADFIEX84,1:39
yHPGC9pTE6M,0:11
KUWpd91UBrA,4:13
7jOz7DA2_Aw,1:40
7n2pYrRPmII,7:49
tFYmJmhpMAE,3:15
Riz6T_kr07s,00:37
vcmfCXwAFs4,3:37
bRHpa_jL1qk,1:48 2:04
TSp0Q8uabTk,0:31
GWqy3dPC_jw,18:00
fFDFsxbGV5Q,28:59
tufSEd7dqAc,10:50
2k45ZCBdHIw,2:00
lR1cZX1TcIM,9:50
5pZCFLA1vV0,35:58
ydmQN4N25Lw,4:42
IyaFEBI_L24,00:38
monlEabTJvo,0:21
6QAUJU5wg0U,2:13 2:30
FdJM6O1VP7M,5:03
8HTr8ygb-gQ,3:03
vncIBREXCwU,0:31
2BIfFeen9q8,0:42
OxWMsxa5uVk,00:46
T_lh5fR4DMA,1:09
IS7_lMISrLs,1:22
Fz92prJ3XlM,14:07 14:11
MyZwDcLGknU,0:16
RQ7EUgjUucI,1:58
Uh0CMcLiRkw,0:47 0:50
Ta9K22D0o5Q,2:30
2ocHBYgQBh8,2:53
XV_hNtGmsoU,3:42
gw0Dix7vYoM,2:25
S6-p4b8oLVE,0:09
5F56MSZK_TE,6:08
QZecG4_sA0k,4:04
arKpdxjHamI,0:03
xwir9MJ-ZwU,1:27
gV9452bIPUk,2:09
S_ncaG02nz4,1:37
vnhzuKcDo6A,12:53 12:54
zMK9FKMG3Nc,0:26
guDPMm7h2iw,08:11
eVdl25qk8Ys,7:00
TkVw4mqeAKU,16:06
xvAqHg1QyVc,0:00
Ux2k07ToaRA,1:34
6XGkkdaAabQ,0:14 0:16
_TtRpJw2D7g,3:48
WgxKMUwfO9s,1:34
NSJBUNOG8kw,1:15
tnazs2t5Brg,0:29
CAP-Xj4Fz18,0:12
cKfiurUtglA,2:32
ia5FKlvOmg8,1:50
bSX2oxLdcWA,0:29
3N0PVqa_TNE,1:33
r0Ylb33fuYk,2:00
QHIO2JdN6b4,1:38-1:45
3fTwkpWlmWs,3:23
Sb5D5DvPQFg,17:21
bxlO0Anxd0U,3:33
3JFSMR0ujgg,4:57
ahX3E1wr8SM,2:27
tLGpcwyFprc,0:04
Rc8YaVQwPMU,1:05
A4b9snja-0c,11:33
4cnL80ItPxA,1:57
A4oFJhTg9fQ,16:56
pWp6kkz-pnQ,0:18
y_kFTZyecTU,3:30
an_STKm-524,1:10
SxzUmD-BjBA,2:01
s_BU8YCjV1M,2:08
CcQG2Ulm198,1:33
Rsz66Qqgd50,9:54
8fXvotb9tJ4,7:44
rNZR0d85W5g,0:35
BB1s_KijmYw,4:15
u-yLGIH7W9Y,1:03
rHG-JO8gIGk,1:00
rIjvP7xJ-ek,4:03
CYbVpAwGGGs,1:01
Db7tSX61oLQ,5:55
rTUdUJC8O_0,1:53
tVNGAHrhu-Q,4:00
U6UGHwUiGrw,1:28
0M-hxt5lo1k,2:19
yU6Jzmc9TVo,3:33
YG2iGsY0-Pk,1:05 1:08
uMNHP1F7lbE,0:54
CQNWjugsZIk,10:58
rlnyjw5LUj0,8:23
IXA5aonMwK8,12:00
2Gi9-UZKYo4,0:56
kUjZkbrAcOU,6:49
Aro4UBXVa-c,3:27
ku9xOVw_TVc,1:44
4wtFta60FQI,0:41
F1F18dzl6SU,0:29
bwhgcUf67ZM,2:04
EtsXgODHMWk,1:46
Qnd20DrB8_c,2:55
xGLPyYlf2Zw,11:50
_GTG2BC2Tio,1:58
9I2815PhhZU,2:01
9A-V-6xRtOk,0:02
Lq-KmO91zAI,3:00
SjijB9y3ED8,2:00
HfNbaMiAesE,14:05
N6cOXkxIIdk,1:30
bR5NmbHdUUs,1:32
VzcBDXyJO_w,01:01 01:18
gfSe8CoZmrk,1:06
JsSwvrgZH9c,0:29 0:31
KPK5iuzDQFI,01:48
92VUpQwc8uk,1:30 1:52
tu812Bs_0RM,0:00
eto6s-4IGh4,0:00
h9XXLUD98U8,2:20
2szTEHgqZXY,1:30
mF4DKG_6CH0,3:23 3:39
OgbvdFW5qoQ,1:40
0bg6rJ166Is,3:42
nas1rJpm7wY,1:45
q4a9CKgLprQ,23:00
4btm_VUT8W0,2:43
mO1QBTG6EXs,0:47
TQ_lzwFj134,3:51
8PE9cozFuAw,0:10 0:12
tt9F1LwXZUA,6:19
pzoLjjAQMS0,9:35
VZDudxFB9Rg,29:45
OADkgY4Kx1c,01:36
80GSvackaxk,10:00
IL357BrwK7c,2:10 5:25 6:00
YB90NjT51gg,0:51
R5NzPagpib8,2:00
dXmPrYEOvM8,0:24
UoZWuvEtMvc,0:43
KnGs57A-O0w,2:54
zKrqfIjJu6I,2:21
GTv6tWI9gZQ,0:02
9G8KxlPIBy8,0:00
X6fDomrm_KE,0:24
Put352qqlWU,3:32
amhvFQeDyGY,6:41
ACkmg3Y64_s,3:26
SWzDIysxGDg,1:53
akT0wxv9ON8,1:03
iJ6bGsKMzMc,11:45
Fjlw1CGn5qM,3:43
7FnR0zFCRUs,9:30
qTVfFmENgPU,1:18
O6Xo21L0ybE,00:07
2WH6j-_e45M,0:26
8lcrXnztVFI,8:40 10:00
H5SwQHaTY1o,2:23
ScuukAUIxAo,1:40
geZG0XBkQP0,4:38
hvefQ-AOIHs,0:34-0:36
mq5vJ1a4jWM,0:55
sbx9dxcLsiQ,1:10
SYuCEYfe6LM,0:13
mimtJ1WAfYo,2:49 3:20
z2MUYs9mw9o,0:52
fdtwK01ak4s,0:07
K0MlVrrjpx4,1:45
Q0wAVfSzlGY,02:50
Cy8yzzA8l10,0:59 1:01
USxhXb5VC5E,1:57
Itz_zxBCT3w,0:13
coukskzc8NA,4:58 4:57
Aip2aIt0ROM,3:56
6WTJdfROHOE,2:17
J3zxmKwZbtU,0:21
GEbNpos_NTo,4:33 4:44
cDshqdoOqAY,5:45
aUaInS6HIGo,3:21
hlalkAUkwqE,5:41
SPbj5XtIpRs,2:35 2:36
WYsopKuTpSg,20:06
_33Ie8j8iv4,2:10
A3JC24p0YsA,0:57
U31g3VkAv2k,9:40
iypQvEZtWfY,2:00
zJwNmghVYv4,1:29
6STD6RB3Zcc,2:43
o6gHlK-Mm2Y,3:05
KQ9IMZAci-k,4:59
y4m9M6CYulM,1:47
ObbpNCX9BkA,0:47
FLHTASPjQMo,1:28
ZsRqhBTe8Mk,6:19
vYGN7ZZMDmI,10:11 10:16
4YkSvfZezb8,52:27
WqOsqvKARww,0:30
aLUcd9UDzuo,11:23
fSvA1xm9eKo,17:47
kzlg3oQMze4,0:47
r4fwgR1GbYc,1:09
iOKoFKEsEAU,36:03
vcRVhRo00Ow,5:15
lm9vXe7m8ao,1:57
ymJL3YLBfUg,2:05
IVJVCoHDAXs,0:46
0D0A2sQCODE,6:48
gjjrCtwMuT4,11:47
QNb8QdZ4mGY,15:08
77UgjQAIrQo,0:01
axnuWf8PgdM,2:24
CgbhyjuhbX8,0:35
xppq9iF1_N4,01:38
biIEAhNL_uk,0:30
Kv9gGDk0j4I,0:22
Y_HVgYwKuu4,1:11
I4q5mZo39Qk,4:17
_86s0WKAeRg,1:50
W0sUHy1egq0,1:30
fu5EEtvubbE,2:28
BgAlQuqzl8o,3:17
2hcwm4RpSwk,11:52
WdDEO2qwBjU,4:40
B36Ehzf2cxE,2:29
2wmQW7u2Kdk,12:31
JGeHiTsQaD0,1:40
gtVf3okdNXI,2:30
ttIKsnxPrMY,4:00
qLGxubfC1Ik,2:39
SAIEamakLoY,2:41
IfFW-Yezv0k,1:02
Ux0lJx9gOnQ,1:57
uiuFCcolNgk,2:23
kNMjx6tnJbQ,2:40
RlhZuZOYawE,0:29
XM-AabVhC8w,2:29
k7fSCNxhKaM,2:52
jLArbh8LwM8,0:39
7rkdTcQLwZ4,0:52
5SLECeZGUZk,0:02
OzJkGupFJdc,2:10
QKyD9BAZ50c,1:16
iXLuExO6j8Q,1:02
2uigFj59UTg,0:27
XQYNzJXJnDI,1:20
Cnz2uQxkXbw,2:37 3:04
gV1BMUg4NsA,22:36 22:52
79pyV2lvuN4,0:48
aYQDgDpyt8s,5:33
nV7zh2jxXjU,6:56
FyR1QAHdAoE,08:06
XE-jGHc8UOI,01:56
iWNNAumeDAg,7:23
B7c03wOIDJM,2:03
qyatdrTB3i0,5:39
mN62-Bg_HjU,3:17
t4GCVTWC78U,11:26
0pZGIF89hbY,16:10
l-3RPflC6x4,4:09
PPMYuHEALGg,3:09
H0zuFh7iSyM,1:12
db2sD4P_Ieg,0:51
cYplvwBvGA4,1:33
LCVZw7ul5GI,2:02
DExT3ZWs6Vs,5:25
5SNo8h-KfAU,0:51
TZlgscr8VGA,5:51
0dgadTcVu60,6:22
y2aeyUER-kc,0:43
Ke9wtbzGjCI,6:09
7rcduWQTPfo,5:09
YRnj187Au9U,2:06
DdS_-XBMsbw,1:29
EExZCipIuKQ,7:44 7:07
TQBQ0MIpJsk,10:05
DyR0UcQN-1Q,1:19
YvTbduIu4Pk,4:42
WeJYyj5VW3Y,0:05
JuKFsaXhqRM,0:02
paYXaME_0Fc,8:03
DZOH3MiHYpo,8:12
aURq-vHWFDw,5:55
CvaVGrMZIm8,4:38
y5UVCytPCM4,0:20
39mUJzbq1xU,12:40
3ATfhbt8ibY,12:34
qb-BTehhX74,4:55
vDCpqyeczCI,3:49
YsYWT5Q_R_w,2:14
SxEINSBsbeo,0:28
FDFyB6DPE7A,0:55 1:00
saazzhB09Z4,2:45
FylYRAYAyY0,0:19
zuelvp6WGhc,2:10
M5f1EUpK5QM,0:36
ZvaOr6b9yYk,4:10
MFsNeR1aJx0,0:43
Fa4WvYfK43U,2:30
4NNmlcDqV-Q,3:30
Ixf11j3AZlM,4:00 4:56
NoVB4bwY2v4,3:19
dCPbKOt5mWk,2:14
y3Y5zKbb6jg,0:51
_Xdc7x8Ih_Y,2:41
zbOiMTj8Kio,7:51
SelogyzBwcU,5:35 6:20
xz6rQ_l1JBk,5:45
1tX9uA7WCV4,1:40-2:19
5dHa16GsgBo,1:45
snEXZZiKIus,3:53
WHLgU0vPcwc,1:23
8B9Pu6ixZ3o,0:26
8ztDywIPXGE,2:16
zWKwat0kpko,2:17
N7OPZOBJZyI,2:01
Iipip_DNm2s,1:33
Solyg7nEX9o,1:16
Hse4mriZdSo,0:30
nbnZiPI6W2I,2:52
uSf0wVsp6rg,2:40
MjExNGZzvsk,0:14
Iqln6XgLEaY,12:27
yttRlNGkGSY,0:21
Qz8yJogJEEM,00:59
sh29Pm1Rrc0,3:09
Uc_o_Y-QHt4,0:22
eWhR3fk2bK4,0:43
GAG2VQXGZQ4,0:08
0mKNGu01NdQ,0:53
0FksBAN9Fj4,3:51
8ecqV6jIjnU,08:00
4lq1WxMYC0c,3:38
earWsoP0kes,0:16
5r7fXnp2w6o,14:47
awaz1aNTNL8,4:48
oKR5D3-9Ir8,0:47
osjplXzxVM8,07:58
4UdEFmxRmNE,3:57
u7-0mwpA_WU,13:00
rWzcYbtZQrk,0:50
sy2EWFYY4P4,2:23 2:28
eWExFTFAQzA,1:06
PSrXLB5_ayg,0:41
0u-axgWg1Xs,0:53
Ukvoxs3Foto,0:09
uhBiNx749Zw,4:44
QNViUruiD1k,0:00
6phaZm6EsCM,0:32
XB9SwUYh9v4,5:49
Sku6cYQIKQU,9:55
sFOlXExhvhk,10:54
j_BcT6v1fFA,1:47
mVEinXUrEp0,0:40
oltQhvEUj-s,1:34
98mHbrwbLuA,0:09
Vm9-PRqCSwo,51:00
CcIfbF0ZpSs,11:29
gS9QBVzg92Q,1:13
bRCN_F3_X4s,17:22
X8poDUhBL2U,2:02
y2jSv8PDDwA,1:37
PBvFyEs1wJ8,2:53
TsJkj3BotEo,3:46
LF9Qk6m_b74,0:10
FkeSSdwbnPg,2:47
RvnRIuaeRuc,0:00 0:01 0:03 0:04 0:05 0:06 0:08 0:09
Pq-e_bDsnOA,5:12
JJ8LsPeIhPM,0:55
vCwLp4zmhzE,1:27
9DXL9vIUbWg,6:00
jaIJoo7KzhI,01:44
1FxmZh6OBrY,0:51
K9caPFPQUNs,0:49
dt1t5LhM2Ik,0:00
AfQz5v7_frQ,6:00
CqGB11V0yYg,0:05-0:16
jQFA77IGjV0,1:26
WyNkNWQAewQ,3:08
h940WhYE7xY,1:02
xa3NUk8706Q,0:44
4kOT3ut733M,2:38
LEYXdZ_rVbo,0:04 0:21
fDJB0f6yq1Q,11:52
1DT3DNvEhu4,3:28-3:47
cpHj7nwFcpk,3:24 3:26
8GEf9OLTk64,1:04
o0Wvn-9BXVc,1:11
kAoHm7qCu_8,1:09